Protein1,Residue1,Protein2,Residue2,Protein3,Residue3,Count
Rpn11,152,Rpn11,223,Rpn8,180,1
Rpn11,215,Rpn2,574,Rpn8,28,1
Rpn11,264,Rpn7,126,Rpn7,163,4
Rpn2,574,Rpn8,180,Rpn8,199,1
Rpn2,574,Rpn8,28,Rpn8,127,4
Rpn2,666,Rpn2,807,Rpn2,890,1
Rpn3,296,Rpn3,315,Rpn7,382,18
Rpn3,425,Rpn7,349,SHFM1,62,1
Rpn3,84,Rpn3,503,Rpn8,288,4
Rpn5,294,Rpn5,303,Rpn9,132,1
Rpn9,105,Rpt4,20,Rpt4,27,1
Rpn9,105,Rpt4,27,Rpt4,34,9
Rpt1,116,Rpt3,238,Rpt4,206,18
Rpt1,407,Rpt1,418,alpha4,166,1
Rpt1,418,alpha4,27,alpha4,166,11
Rpt1,422,Rpt2,293,Rpt2,350,7
Rpt1,57,Rpt2,178,Rpt6,287,4
Rpt2,258,Rpt4,72,Rpt6,222,15
Rpt2,258,Rpt5,300,Rpt6,222,3
Rpt3,192,Rpt3,306,Rpt6,335,3
Rpt3,238,Rpt4,72,Rpt6,222,11
Rpt3,238,Rpt5,125,Rpt6,222,2
Rpt4,379,alpha1,55,alpha7,174,2
Rpt4,42,Rpt5,70,Rpt5,74,1
Rpt4,42,Rpt5,70,Rpt5,81,15
Rpt4,72,Rpt5,125,Rpt6,222,4
Rpt5,70,Rpt5,74,Rpt5,81,24
Rpt6,88,Rpt6,130,Rpt6,222,8
alpha3,187,alpha3,229,alpha3,239,5
alpha3,187,alpha3,231,alpha3,239,15
alpha6,41,alpha7,57,alpha7,230,9
alpha6,41,alpha7,65,alpha7,230,8
alpha7,57,alpha7,230,alpha7,241,1
beta5,91,beta6,146,beta6,184,2
